{
	"Metadata":
	{
		"Name": "Stylized Tails",
		"Author": "panoramhusky, HazelSpooder",
		"Description": "Replaces Tails' sprites from the original to fit with the world and cast better with a new design by me based on some Sonic 3 sprites.",
		"ModVersion": "2.03"
	},
	
	"Settings":
	{
		"1-Visuals1":
		[
			{
				"InternalName": "stylizedtailspalette",
				"DisplayName": "Palette",
				"Variable": "stylizedtails.palette",
				"DefaultValue": "0",
				"Options":
				{
						"0x00": "Original",
						"0x01": "Unique",
				}
			}
		],
	}
}
