{

	"menu_characters_sonic":	  	  { "File": "menu_characters_sonic.png",		  "Rect": "0,0,40,48", "Center": "20,20" },
	"menu_characters_sonic_tails":	  { "File": "menu_characters_sonic_tails.png",	  "Rect": "0,0,56,40", "Center": "28,20" },
	"menu_characters_tails":		  { "File": "menu_characters_tails.png",		  "Rect": "0,0,40,40", "Center": "20,20" },
	"menu_characters_knuckles":		  { "File": "menu_characters_knuckles.png",		  "Rect": "0,0,40,40", "Center": "20,20" },
	"menu_characters_knuckles_tails": { "File": "menu_characters_knuckles_tails.png", "Rect": "0,0,56,40", "Center": "28,20" }

}
