{
	// MUSIC
	"stone_a": { "File": "stone_boss_unique.ogg", "Type": "Music", "Name": "Agent Stone's Theme", "LoopStart": "412255" }, // Unique
	"stone_s": { "File": "stone_boss_saturn.ogg", "Type": "Music", "Name": "Agent Stone's Theme (Saturn Version)", "LoopStart": "183297" }, // saturn boss
	"stone_g_v1": { "File": "stone_boss_gen_v1.ogg", "Type": "Music", "Name": "Agent Stone's Theme (Genesis Version V1)", "LoopStart": "644627" }, // genesis boss 1
	"stone_g_v2": { "File": "stone_boss_gen_v2.ogg", "Type": "Music", "Name": "Agent Stone's Theme (Genesis Version V2)", "LoopStart": "153897" }, // genesis boss 2
	
	
	// SFX
	"stone_sfx_elevator": { "File": "elevator.ogg", "Type": "Sound" }, // CNZ Elevator
	"stone_sfx_cnzspike": { "File": "spike.ogg", "Type": "Sound" }, // CNZ spikes
	"stone_metalmode": { "File": "metal.ogg", "Type": "Music", "LoopStart": "298403", "Name": "???" }, // funny
	"takeapic": { "File": "pic.ogg", "Type": "Music", "LoopStart": "146481", "Name": "???",}, // funny 2
	
}