{
"dataselectsprites":
	{
		"File": "Misc.bin",
		"RomInject": "0x03A23AA"
	},
"competition":
	{
		"File": "Player Sprites.bin",
		"RomInject": "0x3A1B30"
	},
"signpost":
	{
		"File": "End Signs.bin",
		"RomInject": "0xDCC76"
	},
"dataselecticons":
	{
		"File": "SK Extra.bin",
		"RomInject": "0x15A774"
	},
"tailscompsprites":
	{
		"File": "Tails 2P.bin",
		"RomInject": "0x33a840"
	},
"compicon":
	{
		"File": "SSResults Tails Knuckles Icons.bin",
		"RomInject": "0x15C130"
	},
"bluespheretails":
	{
		"File": "Tails Pose.bin",
		"RomInject": "0x189F62"
	},
"tornadointro":
	{
		"File": "Intro Plane.bin",
		"RomInject": "0x382624"
	},
"tornadoending":
	{
		"File": "Sonic Plane.bin",
		"RomInject": "0x163418"
	},
"endingsprites":
	{
		"File": "Sonic Plane Ending.bin",
		"RomInject": "0x162914"
	}
}