{
	// If you're looking to make modded sprites compatible with the cutscene, don't modify anything here.
	// The mod will find the modded sprites. These sprite keys are only for if it doesn't detect any custom sprites.
	"cutscene_knuckles_thankseuka_0x09":  { "File": "cutscene_knuckles_thankseuka.bmp", "Rect": "0,0,32,40", "Center": "12,20" },
	"cutscene_knuckles_thankseuka_0x0a":  { "File": "cutscene_knuckles_thankseuka.bmp", "Rect": "40,0,32,40", "Center": "12,20" },
	"cutscene_knuckles_thankseuka_0x0d": { "File": "cutscene_knuckles_thankseuka.bmp", "Rect": "80,8,32,32", "Center": "12,12" },
}