{
	"stone_flash":  { "File": "flash.png", "Rect": "0,0,1,1", "Center": "0,0" },
	"stone_0x00":  { "File": "stone_general.bmp", "Rect": "6,21,24,22", "Center": "6,14" },
	"stone_0x01":  { "File": "stone_general.bmp", "Rect": "36,21,24,22", "Center": "6,14" },
	"stone_0x02":  { "File": "stone_general.bmp", "Rect": "66,21,24,22", "Center": "6,14" },
	"stone_0x03":  { "File": "stone_general.bmp", "Rect": "6,51,24,22", "Center": "6,14" },
	"stone_0x04":  { "File": "stone_general.bmp", "Rect": "36,51,24,22", "Center": "6,14" },
	"stone_0x05":  { "File": "stone_general.bmp", "Rect": "66,51,24,22", "Center": "6,14" },
	"stone_run_0x00":  { "File": "stone_general.bmp", "Rect": "162,0,40,58", "Center": "19,26" },
	"stone_run_0x01":  { "File": "stone_general.bmp", "Rect": "206,3,33,55", "Center": "18,23" },
	"stone_run_0x02":  { "File": "stone_general.bmp", "Rect": "252,3,35,55", "Center": "19,23" },
	"stone_run_0x03":  { "File": "stone_general.bmp", "Rect": "295,9,33,49", "Center": "18,28" },
	"stone_ship_0x04":  { "File": "stone_general.bmp", "Rect": "66,51,24,22", "Center": "6,14" },
	"stone_ship_0x05":  { "File": "stone_general.bmp", "Rect": "5,89,54,61", "Center": "26,41" },
	"stone_ship_0x06":  { "File": "stone_general.bmp", "Rect": "69,116,11,8", "Center": "6,4" },
	"stone_ship_0x07":  { "File": "stone_general.bmp", "Rect": "104,74,42,21", "Center": "21,10" },
	"stone_ship_0x08":  { "File": "stone_general.bmp", "Rect": "160,74,50,29", "Center": "25,41" },
	"stone_ship_0x09":  { "File": "stone_general.bmp", "Rect": "224,90,50,13", "Center": "25,25" },
	"stone_ship_0x0a":  { "File": "stone_general.bmp", "Rect": "287,75,54,45", "Center": "26,25" },
	"stone_ship_0x0b":  { "File": "stone_general.bmp", "Rect": "352,75,50,29", "Center": "25,41" },
	"stone_ship_0x0c":  { "File": "stone_general.bmp", "Rect": "416,75,42,21", "Center": "21,41" },
	"stone_lol":  { "File": "stone_general.bmp", "Rect": "366,9,54,45", "Center": "26,25" },
	"stone_ship_flee_0x01":  { "File": "stone_general.bmp", "Rect": "501,3,64,80", "Center": "0,16" },
	"stone_ship_flee_0x02":  { "File": "stone_general.bmp", "Rect": "566,3,64,80", "Center": "0,16" },
	"stone_ship_flee_0x03":  { "File": "stone_general.bmp", "Rect": "631,3,64,80", "Center": "0,16" },
	"stone_ship_flee_0x04":  { "File": "stone_general.bmp", "Rect": "501,93,64,80", "Center": "0,16" },
	"stone_ship_flee_0x05":  { "File": "stone_general.bmp", "Rect": "566,93,64,80", "Center": "0,16" },
	"stone_ship_flee_0x06":  { "File": "stone_general.bmp", "Rect": "631,93,64,80", "Center": "0,16" },
	"monitor_icon_stone":  { "File": "stone_general.bmp", "Rect": "152,139,16,16", "Center": "8,8" },
	"stone_signpost":  { "File": "stone_general.bmp", "Rect": "101,107,48,32", "Center": "24,16" },
	"stone_aiz2_ship":  { "File": "stone_general.bmp", "Rect": "256,127,64,56", "Center": "32,28" },
	"stone_aiz2_body":  { "File": "stone_general.bmp", "Rect": "325,127,32,18", "Center": "16,9" },
	"stone_mgz2s_ship":  { "File": "stone_general.bmp", "Rect": "359,127,64,64", "Center": "0,0" },
	"stone_lbz2_bombchute":  { "File": "stone_general.bmp", "Rect": "428,8,24,3", "Center": "12,2" },
	"stone_bomb_1":  { "File": "stone_general.bmp", "Rect": "458,1,32,32", "Center": "16,16" },
	"stone_crosshair_lockon":  { "File": "stone_general.bmp", "Rect": "152,107,18,18", "Center": "9,9" },
	"stone_jetpack_0x00":  { "File": "stone_general.bmp", "Rect": "7,171,61,66", "Center": "30,33" },
	"stone_jetpack_0x01":  { "File": "stone_general.bmp", "Rect": "77,171,61,66", "Center": "30,33" },
	"stone_jetpack_0x02":  { "File": "stone_general.bmp", "Rect": "147,171,61,66", "Center": "30,33" },
	"stone_jetpack_0x03":  { "File": "stone_general.bmp", "Rect": "7,241,61,66", "Center": "30,33" },
	"stone_jetpack_0x04":  { "File": "stone_general.bmp", "Rect": "77,241,61,66", "Center": "30,33" },
	"stone_jetpack_0x05":  { "File": "stone_general.bmp", "Rect": "147,241,61,66", "Center": "30,33" },
	"stone_title_flame":  { "File": "titleflame.png", "Rect": "0,0,32,32", "Center": "16,16" },
	"stone_jetpack_flame":  { "File": "stone_general.bmp", "Rect": "213,135,32,32", "Center": "16,16" },
	"stone_error_0x00":  { "File": "stone_general.bmp", "Rect": "432,194,50,43", "Center": "31,20" },
	"stone_error_0x01":  { "File": "stone_general.bmp", "Rect": "483,190,48,47", "Center": "24,24" },
	"stone_error_0x02":  { "File": "stone_general.bmp", "Rect": "532,199,43,38", "Center": "21,15" },
	"stone_error_0x03":  { "File": "stone_general.bmp", "Rect": "576,202,48,35", "Center": "24,12" },
	"stone_error_0x04":  { "File": "stone_general.bmp", "Rect": "625,194,41,43", "Center": "20,20" },
	"stone_error_robotnik":  { "File": "stone_general.bmp", "Rect": "669,181,46,56", "Center": "24,24" },
	"stone_flee_0x00":  { "File": "stone_general.bmp", "Rect": "359,206,33,49", "Center": "16,49" },
	"stone_flee_0x01":  { "File": "stone_general.bmp", "Rect": "270,200,33,55", "Center": "16,55" },
	"stone_flee_0x02":  { "File": "stone_general.bmp", "Rect": "316,200,35,55", "Center": "17,55" },
	"stone_flee_0x03":  { "File": "stone_general.bmp", "Rect": "226,197,40,58", "Center": "17,58" },
	"stone_flee_0x04":  { "File": "stone_general.bmp", "Rect": "316,200,35,55", "Center": "17,55" }
}