{
	"mgz_driller_0x00":  { "File": "stone_mgz.bmp", "Rect": "0,0,80,52", "Center": "40,40" },
	"mgz_driller_0x01":  { "File": "stone_mgz.bmp", "Rect": "88,0,80,52", "Center": "40,40" },
	"mgz_driller_0x02":  { "File": "stone_mgz.bmp", "Rect": "176,0,80,52", "Center": "40,40" },
	"mgz_driller_0x03":  { "File": "stone_mgz.bmp", "Rect": "153,54,28,22", "Center": "12,10" },
	"mgz_driller_0x04":  { "File": "stone_mgz.bmp", "Rect": "183,54,24,22", "Center": "12,11" },
	"mgz_driller_0x05":  { "File": "stone_mgz.bmp", "Rect": "209,54,28,22", "Center": "16,10" },
	"mgz_driller_0x06":  { "File": "stone_mgz.bmp", "Rect": "241,54,16,24", "Center": "8,12" },
	"mgz_stone_0x00":  { "File": "stone_mgz.bmp", "Rect": "0,54,32,53", "Center": "16,41" },
	"mgz_stone_0x01":  { "File": "stone_mgz.bmp", "Rect": "0,54,32,53", "Center": "16,41" },
	"mgz_stone_0x02":  { "File": "stone_mgz.bmp", "Rect": "38,54,32,53", "Center": "16,41" },
	"mgz_stone_0x03":  { "File": "stone_mgz.bmp", "Rect": "79,54,32,53", "Center": "16,41" },
	"mgz_stone_0x04":  { "File": "stone_mgz.bmp", "Rect": "117,54,32,53", "Center": "16,41" }
}