{
	"lbzk_stone_0x00":  { "File": "stone_lbzk.bmp", "Rect": "0,0,94,38", "Center": "47,19" },
	"lbzk_stone_0x01":  { "File": "stone_lbzk.bmp", "Rect": "100,0,94,38", "Center": "47,19" },
	"lbzk_stone_0x02":  { "File": "stone_lbzk.bmp", "Rect": "200,0,94,38", "Center": "47,19" },
	"lbzk_stone_0x03":  { "File": "stone_lbzk.bmp", "Rect": "0,40,94,38", "Center": "47,19" },
	"lbzk_stone_0x04":  { "File": "stone_lbzk.bmp", "Rect": "100,40,94,38", "Center": "47,19" },
	"lbzk_ship_side_0x00":  { "File": "stone_lbzk.bmp", "Rect": "0,80,26,38", "Center": "11,19" },
	"lbzk_ship_side_0x01":  { "File": "stone_lbzk.bmp", "Rect": "28,80,26,38", "Center": "11,19" },
	"lbzk_ship_side_0x02":  { "File": "stone_lbzk.bmp", "Rect": "56,80,26,38", "Center": "11,19" },
	"lbzk_ship_laser_0x00":  { "File": "stone_lbzk.bmp", "Rect": "86,86,32,32", "Center": "16,16" },
	"lbzk_ship_laser_0x01":  { "File": "stone_lbzk.bmp", "Rect": "120,86,32,32", "Center": "16,16" },
	"lbzk_ship_laser_0x02":  { "File": "stone_lbzk.bmp", "Rect": "154,86,32,32", "Center": "16,16" },
	"lbzk_ship_laser_0x03":  { "File": "stone_lbzk.bmp", "Rect": "188,86,32,32", "Center": "16,16" },
	"lbzk_ship_laser_0x04":  { "File": "stone_lbzk.bmp", "Rect": "86,121,32,32", "Center": "16,16" },
	"lbzk_ship_laser_0x05":  { "File": "stone_lbzk.bmp", "Rect": "120,121,32,32", "Center": "16,16" },
	"lbzk_ship_laser_0x06":  { "File": "stone_lbzk.bmp", "Rect": "154,121,32,32", "Center": "16,16" },
	"lbzk_ship_laser_0x07":  { "File": "stone_lbzk.bmp", "Rect": "188,121,32,32", "Center": "16,16" },
	"lbzk_crosshair_0x00":  { "File": "stone_lbzk.bmp", "Rect": "229,71,48,48", "Center": "24,24" },
	"lbzk_crosshair_0x01":  { "File": "stone_lbzk.bmp", "Rect": "229,121,48,48", "Center": "24,24" },
	"lbzk_ship_center_0x00":  { "File": "stone_lbzk.bmp", "Rect": "298,0,94,38", "Center": "47,19" },
	"lbzk_ship_center_0x01":  { "File": "stone_lbzk.bmp", "Rect": "298,40,94,38", "Center": "47,19" },
	"lbzk_ship_center_0x02":  { "File": "stone_lbzk.bmp", "Rect": "298,80,94,38", "Center": "47,19" },
	"lbzk_ship_center_0x03":  { "File": "stone_lbzk.bmp", "Rect": "298,40,94,38", "Center": "47,19" },
	"lbzk_electric_0x00":  { "File": "stone_lbzk.bmp", "Rect": "396,0,94,38", "Center": "47,19" },
	"lbzk_electric_0x02":  { "File": "stone_lbzk.bmp", "Rect": "396,40,94,38", "Center": "47,19" }
}