{
	"aiz_ship_0x00":  { "File": "stone_aiz.bmp", "Rect": "6,0,63,61", "Center": "32,30" },
	"aiz_ship_0x0e":  { "File": "stone_aiz.bmp", "Rect": "81,90,34,34", "Center": "17,17" },
	"aiz_ship_0x0f":  { "File": "stone_aiz.bmp", "Rect": "121,90,34,34", "Center": "17,17" },
	"aiz_ship_0x10":  { "File": "stone_aiz.bmp", "Rect": "81,130,34,34", "Center": "17,17" },
	"aiz_ship_0x11":  { "File": "stone_aiz.bmp", "Rect": "121,130,34,34", "Center": "17,17" },
	"aiz_flamethrower":  { "File": "stone_aiz.bmp", "Rect": "0,34,5,6", "Center": "0,4" },
	"aiz_rocket_0x0c":  { "File": "stone_aiz.bmp", "Rect": "198,49,10,23", "Center": "5,8" },
	"aiz_rocket_0x0d":  { "File": "stone_aiz.bmp", "Rect": "220,49,14,32", "Center": "7,8" },
	"aiz_hatch_0x03":  { "File": "stone_aiz.bmp", "Rect": "97,29,12,2", "Center": "6,-2" },
	"aiz_hatch_0x04":  { "File": "stone_aiz.bmp", "Rect": "121,30,12,9", "Center": "6,5" },
	"aiz_hatch_0x05":  { "File": "stone_aiz.bmp", "Rect": "145,28,12,11", "Center": "6,7" },
	"aiz_ship_fire_0x01":  { "File": "stone_aiz.bmp", "Rect": "80,3,81,16", "Center": "39,8" },
	"aiz_ship_fire_0x02":  { "File": "stone_aiz.bmp", "Rect": "171,4,65,9", "Center": "31,7" },
	"aiz_smoke_0x07":  { "File": "stone_aiz.bmp", "Rect": "80,50,6,7", "Center": "3,3" },
	"aiz_smoke_0x08":  { "File": "stone_aiz.bmp", "Rect": "100,49,14,16", "Center": "7,12" },
	"aiz_smoke_0x09":  { "File": "stone_aiz.bmp", "Rect": "124,50,14,7", "Center": "7,11" },
	"aiz_smoke_0x0a":  { "File": "stone_aiz.bmp", "Rect": "148,50,15,5", "Center": "7,11" },
	"aiz_smoke_0x0b":  { "File": "stone_aiz.bmp", "Rect": "172,49,14,2", "Center": "7,12" },
	"aiz_stone_0x00":  { "File": "stone_aiz.bmp", "Rect": "14,77,50,30", "Center": "24,33" },
	"aiz_stone_0x01":  { "File": "stone_aiz.bmp", "Rect": "14,111,50,28", "Center": "24,31" },
	"aiz_stone_0x02":  { "File": "stone_aiz.bmp", "Rect": "14,142,50,29", "Center": "24,32" },
	"aiz_stone_0x03":  { "File": "stone_aiz.bmp", "Rect": "14,174,50,29", "Center": "24,32" },
	"aiz_stone_0x04":  { "File": "stone_aiz.bmp", "Rect": "14,206,50,29", "Center": "24,32" },
	"aiz_stone_bgship_0x00":  { "File": "stone_aiz.bmp", "Rect": "79,174,81,70", "Center": "40,35" },
	"aiz_stone_bgship_0x01":  { "File": "stone_aiz.bmp", "Rect": "169,174,81,70", "Center": "40,35" }
}