{
	"icz_stone_0x00":  { "File": "stone_icz.bmp", "Rect": "60,37,12,7", "Center": "6,4" },
	"icz_stone_0x01":  { "File": "stone_icz.bmp", "Rect": "120,37,12,7", "Center": "6,4" },
	"icz_stone_0x02":  { "File": "stone_icz.bmp", "Rect": "140,37,12,7", "Center": "6,4" },
	"icz_stone_0x03":  { "File": "stone_icz.bmp", "Rect": "80,37,12,7", "Center": "6,4" },
	"icz_stone_0x04":  { "File": "stone_icz.bmp", "Rect": "100,37,12,7", "Center": "6,4" },
	"icz_stone_iceblock":  { "File": "stone_icz.bmp", "Rect": "357,0,61,63", "Center": "32,32" },
	"icz_stone_frozen":  { "File": "stone_icz.bmp", "Rect": "438,2,43,58", "Center": "24,32" },
	"icz_ship_0x00":  { "File": "stone_icz.bmp", "Rect": "0,3,48,48", "Center": "24,24" },
	"icz_ship_0x01":  { "File": "stone_icz.bmp", "Rect": "56,4,16,15", "Center": "8,7" },
	"icz_ship_0x02":  { "File": "stone_icz.bmp", "Rect": "80,4,16,15", "Center": "8,7" },
	"icz_ship_0x03":  { "File": "stone_icz.bmp", "Rect": "110,3,20,8", "Center": "10,4" },
	"icz_ship_0x04":  { "File": "stone_icz.bmp", "Rect": "144,3,16,23", "Center": "8,12" },
	"icz_ship_0x09":  { "File": "stone_icz.bmp", "Rect": "176,4,16,15", "Center": "8,7" },
	"icz_ship_0x0a":  { "File": "stone_icz.bmp", "Rect": "200,4,16,15", "Center": "8,7" },
	"icz_ship_0x0b":  { "File": "stone_icz.bmp", "Rect": "227,3,21,24", "Center": "12,12" },
	"icz_ship_0x0c":  { "File": "stone_icz.bmp", "Rect": "256,3,21,24", "Center": "12,12" },
	"icz_ship_0x0d":  { "File": "stone_icz.bmp", "Rect": "291,3,21,24", "Center": "12,12" },
	"icz_ship_0x0e":  { "File": "stone_icz.bmp", "Rect": "320,3,21,24", "Center": "12,12" },
	"icz_swinger_0x06":  { "File": "stone_icz.bmp", "Rect": "170,41,24,24", "Center": "12,12" },
	"icz_swinger_0x07":  { "File": "stone_icz.bmp", "Rect": "204,41,12,12", "Center": "6,6" },
	"icz_swinger_0x08":  { "File": "stone_icz.bmp", "Rect": "229,41,10,10", "Center": "5,5" }
}