{
	"hcz_stone_0x00":  { "File": "stone_hcz.bmp", "Rect": "0,0,48,48", "Center": "24,24" },
	"hcz_stone_0x01":  { "File": "stone_hcz.bmp", "Rect": "144,0,48,48", "Center": "24,24" },
	"hcz_stone_0x02":  { "File": "stone_hcz.bmp", "Rect": "192,0,48,48", "Center": "24,24" },
	"hcz_stone_0x03":  { "File": "stone_hcz.bmp", "Rect": "48,0,48,48", "Center": "24,24" },
	"hcz_stone_0x04":  { "File": "stone_hcz.bmp", "Rect": "96,0,48,48", "Center": "24,24" },
	"hcz_part_0x01":  { "File": "stone_hcz.bmp", "Rect": "21,65,16,16", "Center": "8,8" },
	"hcz_part_0x02":  { "File": "stone_hcz.bmp", "Rect": "46,65,19,20", "Center": "11,12" },
	"hcz_part_0x03":  { "File": "stone_hcz.bmp", "Rect": "77,65,22,22", "Center": "12,12" },
	"hcz_part_0x04":  { "File": "stone_hcz.bmp", "Rect": "109,65,31,27", "Center": "16,14" },
	"hcz_part_0x05":  { "File": "stone_hcz.bmp", "Rect": "151,65,31,31", "Center": "16,16" },
	"hcz_part_0x06":  { "File": "stone_hcz.bmp", "Rect": "191,65,28,29", "Center": "16,16" },
	"hcz_part_0x07":  { "File": "stone_hcz.bmp", "Rect": "18,112,23,23", "Center": "12,12" },
	"hcz_part_0x08":  { "File": "stone_hcz.bmp", "Rect": "50,112,20,20", "Center": "12,12" },
	"hcz_part_0x09":  { "File": "stone_hcz.bmp", "Rect": "82,112,16,16", "Center": "8,8" },
	"hcz_part_0x0a":  { "File": "stone_hcz.bmp", "Rect": "106,112,18,18", "Center": "9,9" },
	"hcz_part_0x0b":  { "File": "stone_hcz.bmp", "Rect": "138,112,20,20", "Center": "9,9" },
	"hcz_part_0x0c":  { "File": "stone_hcz.bmp", "Rect": "170,112,20,19", "Center": "12,12" },
	"hcz_part_0x0d":  { "File": "stone_hcz.bmp", "Rect": "202,112,18,17", "Center": "10,10" },
	"hcz_part_0x0e":  { "File": "stone_hcz.bmp", "Rect": "10,149,18,18", "Center": "12,12" },
	"hcz_part_0x0f":  { "File": "stone_hcz.bmp", "Rect": "38,149,18,18", "Center": "6,6" },
	"hcz_part_0x10":  { "File": "stone_hcz.bmp", "Rect": "67,145,20,21", "Center": "9,10" },
	"hcz_part_0x11":  { "File": "stone_hcz.bmp", "Rect": "98,145,22,22", "Center": "10,10" },
	"hcz_part_0x12":  { "File": "stone_hcz.bmp", "Rect": "133,148,27,27", "Center": "11,11" },
	"hcz_part_0x13_unused":  { "File": "stone_hcz.bmp", "Rect": "168,143,18,18", "Center": "6,6" },
	"hcz_part_0x14_unused":  { "File": "stone_hcz.bmp", "Rect": "202,145,19,19", "Center": "0,0" },
	"hcz_part_0x15":  { "File": "stone_hcz.bmp", "Rect": "244,24,22,24", "Center": "11,12" },
	"hcz_part_0x1a":  { "File": "stone_hcz.bmp", "Rect": "226,65,29,29", "Center": "14,14" },
	"hcz_shaker_0x16":  { "File": "stone_hcz.bmp", "Rect": "285,0,40,96", "Center": "20,40" },
	"hcz_shaker_0x17":  { "File": "stone_hcz.bmp", "Rect": "337,0,40,96", "Center": "20,40" },
	"hcz_shaker_0x18":  { "File": "stone_hcz.bmp", "Rect": "385,0,40,96", "Center": "20,40" },
	"hcz_shaker_0x1f":  { "File": "stone_hcz.bmp", "Rect": "286,102,24,8", "Center": "12,4" },
	"hcz_shaker_0x20":  { "File": "stone_hcz.bmp", "Rect": "322,102,16,72", "Center": "8,32" },
	"hcz_shaker_0x21":  { "File": "stone_hcz.bmp", "Rect": "346,102,16,72", "Center": "8,32" },
	"hcz_shaker_0x22":  { "File": "stone_hcz.bmp", "Rect": "374,102,20,16", "Center": "8,8" },
	"hcz_shaker_0x23":  { "File": "stone_hcz.bmp", "Rect": "402,102,20,16", "Center": "12,8" }
}