{
	"cnz_stone_0x00":  { "File": "stone_cnz.bmp", "Rect": "507,1,16,19", "Center": "8,8" },
	"cnz_stone_0x01":  { "File": "stone_cnz.bmp", "Rect": "507,1,16,19", "Center": "8,8" },
	"cnz_stone_0x02":  { "File": "stone_cnz.bmp", "Rect": "524,1,16,19", "Center": "8,8" },
	"cnz_stone_0x03":  { "File": "stone_cnz.bmp", "Rect": "541,1,16,19", "Center": "8,8" },
	"cnz_stone_0x04":  { "File": "stone_cnz.bmp", "Rect": "558,1,16,19", "Center": "8,8" },
	"cnz_ship_0x00":  { "File": "stone_cnz.bmp", "Rect": "0,0,62,70", "Center": "31,30" },
	"cnz_ship_0x01":  { "File": "stone_cnz.bmp", "Rect": "72,0,62,70", "Center": "31,30" },
	"cnz_ship_0x02":  { "File": "stone_cnz.bmp", "Rect": "144,0,62,76", "Center": "31,30" },
	"cnz_ship_0x03":  { "File": "stone_cnz.bmp", "Rect": "216,0,62,82", "Center": "31,30" },
	"cnz_ship_0x04":  { "File": "stone_cnz.bmp", "Rect": "288,0,62,88", "Center": "31,30" },
	"cnz_ship_0x05":  { "File": "stone_cnz.bmp", "Rect": "360,0,62,94", "Center": "31,30" },
	"cnz_ship_0x06":  { "File": "stone_cnz.bmp", "Rect": "432,0,62,100", "Center": "31,30" },
	"cnz_ship_0x07":  { "File": "stone_cnz.bmp", "Rect": "24,114,40,16", "Center": "20,8" },
	"cnz_ship_0x08":  { "File": "stone_cnz.bmp", "Rect": "78,114,36,16", "Center": "18,8" },
	"cnz_ship_0x09":  { "File": "stone_cnz.bmp", "Rect": "126,114,36,16", "Center": "18,8" },
	"cnz_ship_spiked_0x07":  { "File": "stone_cnz.bmp", "Rect": "24,134,40,26", "Center": "20,18" },
	"cnz_ship_spiked_0x08":  { "File": "stone_cnz.bmp", "Rect": "74,134,40,26", "Center": "20,18" },
	"cnz_ship_spiked_0x09":  { "File": "stone_cnz.bmp", "Rect": "124,134,40,26", "Center": "20,18" },
	"cnz_ship_0x0a":  { "File": "stone_cnz.bmp", "Rect": "172,114,24,48", "Center": "12,24" },
	"cnz_ship_0x0b":  { "File": "stone_cnz.bmp", "Rect": "204,118,24,39", "Center": "12,20" },
	"cnz_ship_0x0c":  { "File": "stone_cnz.bmp", "Rect": "236,115,12,14", "Center": "8,8" },
	"cnz_ship_0x0d":  { "File": "stone_cnz.bmp", "Rect": "260,114,15,15", "Center": "8,8" },
	"cnz_ship_0x0e":  { "File": "stone_cnz.bmp", "Rect": "284,114,16,16", "Center": "8,8" },
	"cnz_ship_0x0f":  { "File": "stone_cnz.bmp", "Rect": "308,114,24,48", "Center": "12,24" },
	"cnz_ship_0x10":  { "File": "stone_cnz.bmp", "Rect": "340,118,24,39", "Center": "12,20" },
	"cnz_ship_0x11":  { "File": "stone_cnz.bmp", "Rect": "498,136,16,16", "Center": "0,0" },
	"cnz_ship_0x12":  { "File": "stone_cnz.bmp", "Rect": "498,136,16,16", "Center": "0,0" },
	"cnz_ship_0x13":  { "File": "stone_cnz.bmp", "Rect": "498,136,16,16", "Center": "0,0" },
	"cnz_ship_0x14":  { "File": "stone_cnz.bmp", "Rect": "495,114,26,8", "Center": "13,4" },
	"cnz_ship_0x15":  { "File": "stone_cnz.bmp", "Rect": "534,114,28,12", "Center": "14,9" },
	"cnz_ship_destroyed":  { "File": "stone_cnz.bmp", "Rect": "505,33,62,46", "Center": "31,30" }
}