{
	"Metadata":
	{
		"Name": "Stone 3 A.I.R.",
		"Author": "LunarFluorite, Heatto, pics_pixels, LunarCryptik",
		"Description": "Agent Stone assists Dr. Robotnik in his plans to steal the Master Emerald and repower the Death Egg!",
		"URL": "https://www.linkedin.com/in/agent-stone/",
		"ModVersion": "0.5.1.1",
		"GameVersion": "22.09.10.0"
	},
	
	"Settings":
	{
		"1-Visuals1":
		[
			{
				"InternalName": "stone.palette",
				"DisplayName": "Palette",
				"Variable": "stone.palette",
				"Category": "Visuals",
				"DefaultValue": "0",
				"Options":
				{
						"0x00": "Classic Blue",
						"0x01": "Robo Red",
						"0x02": "Movie",
						"0x03": "Sonic 1/Pixy",
						"0x04": "Robbiebotnik",
						"0x05": "Thanks Hesse",
				}
			}
		],
		
		"2-AITweaks1":
		[
			{
				"InternalName": "stone.ai",
				"DisplayName": "Harder AI",
				"Variable": "stone.ai",
				"Category": "AI Tweaks",
				"DefaultValue": "1",
				"Options":
				{
						"0": "Disabled",
						"1": "Knuckles only",
						"2": "Every character",
				}
			}
		],
		
		"2-AITweaks2":
		[
			{
				"InternalName": "stone.betterpacing",
				"DisplayName": "Better Pacing",
				"Variable": "stone.betterpacing",
				"Category": "AI Tweaks",
				"DefaultValue": "1",
				"Options":
				{
						"0": "Disabled",
						"1": "Enabled",
				}
			}
		],
		
		"3-Audio1":
		[
			{
				"InternalName": "stone.music",
				"DisplayName": "Miniboss Music",
				"Variable": "stone.music",
				"Category": "Audio",
				"DefaultValue": "1",
				"Options":
				{
						"0": "Use Default",
						"1": "Unique",
						"2": "Sonic 3D Blast (Genesis)",
						"3": "Sonic 3D Blast (Saturn)",
				}
			}
		],
		
		"4-Misc1":
		[
			{
				"InternalName": "stone.eastereggs",
				"DisplayName": "Easter Eggs",
				"Variable": "stone.eastereggs",
				"Category": "Miscellaneous",
				"DefaultValue": "0",
				"Options":
				{
						"0": "Disabled",
						"1": "Enabled",
				}
			}
		],
	}

}